"source_file","insight_id","index","english_message","english_proof","turkish_message","turkish_score","categories","health_tags","demographic_tags","target_group_size","target_group_percentage","target_group_filters","target_group_total_population"
"HRA_data_report_insights.json","insight_01","1","Daily smoking emerges as the single most powerful health risk predictor in your workforce, with 55.7% of daily smokers classified as high-risk compared to just 21.9% overall. This isn't just about future disease - these employees are experiencing compounding health issues right now. Companies should prioritize smoking cessation programs with personalized coaching, subsidized nicotine replacement therapy, and group support sessions. The ROI potential is exceptional since this affects 22.4% of surveyed employees.","Daily smokers show 55.7% high-risk rate vs 21.9% population baseline (p < 0.001, 13.05σ). This affects 327 employees (22.4% of surveyed workforce). Risk ratio: 2.54x baseline. When combined with mental health issues, risk escalates further: daily smokers with persistent sadness show 16.1% very high-risk rate vs 0.8% population (13.93σ, n=62).","Günlük sigara içen çalışanlar işyerindeki en yüksek sağlık riskini taşıyor: %55,7'si yüksek risk grubunda (genel nüfusta %21,9). Bu sadece gelecekteki hastalık riski değil - bu çalışanlar şu anda birden fazla sağlık sorunu yaşıyor. Anket katılımcılarının %22,4'ünü oluşturan günlük sigara içenlere yönelik sigarayı bırakma programları (kişisel koçluk, nikotin replasman tedavisi desteği, grup destek oturumları) en yüksek yatırım getirisine sahip müdahale olacaktır (n=327).","10","lifestyle; physical_health","daily_smoker","","327","22.44","A.smoking_status=daily_smoker","1457"
"HRA_data_report_insights.json","insight_02","2","Employees who never smoke and report positive mood achieve a remarkable 59% low-risk classification compared to just 12.8% overall - demonstrating that mental wellbeing and lifestyle choices create powerful protective effects. Rather than only addressing problems, companies should actively promote these protective factors through workplace culture initiatives that normalize non-smoking, mental health resources, stress management workshops, and recognition programs for healthy behaviors. Scaling what works among healthy employees may be more effective than only fixing problems.","Never-smokers with positive mood show 59.0% low-risk rate vs 12.8% population baseline (p < 0.001, 12.89σ). Protection factor: 0.17x baseline risk. Sample: 100 employees. Similarly, never-smokers with full interest/pleasure show 59.8% low-risk rate (12.22σ, n=87), and normal weight + positive mood shows 59.0% low-risk (11.75σ, n=83).","Hiç sigara içmeyen ve olumlu ruh haline sahip çalışanların %59'u düşük risk grubunda (genel nüfusta yalnızca %12,8). Bu, ruh sağlığı ve yaşam tarzı seçimlerinin güçlü koruyucu etkisini gösteriyor. Şirketler yalnızca sorunları gidermeye değil, bu koruyucu faktörleri teşvik etmeye odaklanmalı: sigarasızlığı normalleştiren işyeri kültürü, ruh sağlığı kaynakları, stres yönetimi atölyeleri ve sağlıklı davranışlar için ödül programları. Sağlıklı çalışanlar arasında işe yarayanı yaymak, yalnızca sorunları düzeltmekten daha etkili olabilir (n=100, risk oranı: 0.17x, 12.89σ).","9","mental_health; lifestyle","never_smoked; positive_mood","","100","6.86","A.smoking_status=never_smoked; A.depression_mood=positive_mood","1457"
"HRA_data_report_insights.json","insight_03","3","A dangerous compound effect emerges when daily smoking combines with severe mental health symptoms: 16.1% of employees who both smoke daily and experience persistent sadness fall into the very high-risk category, compared to just 0.8% overall. This 20-fold elevation represents employees in crisis requiring immediate, integrated intervention. HR should implement alert systems that flag employees with multiple severe risk factors for priority access to combined mental health counseling plus smoking cessation support, rather than treating these issues separately.","Daily smokers with persistent sadness show 16.1% very high-risk rate vs 0.8% population baseline (p < 0.001, 13.93σ). Risk ratio: 20.1x baseline. Sample: 62 employees. Similar compound effects observed for daily smokers with severe anhedonia (13.3% very high-risk, 11.21σ, n=60) and daily smokers with frequent sadness (81.4% high-risk, 11.79σ, n=86).","Günlük sigara içimi şiddetli depresyon belirtileriyle birleştiğinde tehlikeli bir bileşik etki ortaya çıkıyor: hem günlük sigara içen hem de sürekli üzüntü yaşayan çalışanların %16,1'i çok yüksek risk kategorisinde (genel nüfusta yalnızca %0,8). Bu 20 kat artış, kriz halindeki çalışanları temsil ediyor ve acil, entegre müdahale gerektiriyor. İK departmanları, birden fazla şiddetli risk faktörü taşıyan çalışanları tespit eden uyarı sistemleri kurmalı ve bu çalışanlara ruh sağlığı danışmanlığı ve sigarayı bırakma desteğini ayrı değil birlikte sunmalıdır (n=62, 13.93σ).","10","mental_health; lifestyle","daily_smoker; persistent_sadness","","62","4.26","A.smoking_status=daily_smoker; A.depression_mood=persistent_sadness","1457"
"HRA_data_report_insights.json","insight_04","4","Nearly half of surveyed employees (49.6%) report doing no regular exercise, and 58.8% take fewer than 5,000 steps daily - yet this represents only those health-conscious enough to complete the survey. The true workforce inactivity rate is likely far higher. The data reveals that non-exercisers exist across all demographic groups, suggesting systemic barriers rather than individual motivation issues. Companies should redesign workplaces and schedules to make movement inevitable: walking meetings, standing desks, hourly movement breaks, on-site fitness facilities, and exercise-friendly flexible scheduling.","Activity levels: 49.6% report no regular exercise (n=723), 17.2% weekly exercise only (n=250), 23.3% regular exercise (n=340). Daily step distribution: 26.4% very low steps (n=385), 32.4% low steps (n=472), totaling 58.8% below healthy activity threshold. Among high-risk employees, 75.8% report no exercise, suggesting strong relationship between inactivity and overall health risk.","Ankete katılan çalışanların yarısı (%49,6) düzenli egzersiz yapmıyor ve %58,8'i günde 5.000 adımın altında yürüyor - bu sadece sağlık anketini dolduracak kadar bilinçli çalışanlar arasında. Gerçek işgücü hareketsizlik oranı muhtemelen çok daha yüksek. Egzersiz yapmayan çalışanların tüm demografik gruplarda bulunması, bireysel motivasyon sorunundan çok sistemik engelleri işaret ediyor. Şirketler işyeri ve programlarını hareketi kaçınılmaz kılacak şekilde yeniden tasarlamalı: yürüyüş toplantıları, ayakta çalışma masaları, saatlik hareket molaları, yerinde spor tesisleri ve egzersize uygun esnek çalışma saatleri (n=723 egzersiz yapmayan).","9","activity_level; lifestyle","no_exercise; very_low_steps; low_steps","","0","0.0","A.activity_level=no_exercise; A.daily_steps=very_low_steps; A.daily_steps=low_steps","1457"
"HRA_data_report_insights.json","insight_05","5","Mental health symptoms cluster powerfully together in the data: employees with severe depression symptoms show 69% co-occurrence with constant loneliness, and persistent sadness correlates with loneliness at 66%. This suggests that isolated interventions addressing only one dimension will miss the interconnected nature of mental health. Companies should implement holistic mental health programs that simultaneously address mood, social connection, and stress management - such as group therapy, team building activities that foster genuine connection, and peer support networks rather than only individual counseling.","Strong mental health clustering observed: depression_mood × loneliness (Cramer's V = 0.35, p < 0.001); depression_anhedonia × loneliness (V = 0.316, p < 0.001). Specific patterns: employees with severe anhedonia show 69% rate of always_lonely vs 24% population; persistent sadness shows 66% always_lonely rate; frequent sadness shows 37% always_lonely vs 24% population and 23% often_lonely vs 18% population.","Ruh sağlığı belirtileri güçlü şekilde bir araya geliyor: şiddetli depresyon belirtileri olan çalışanların %69'u sürekli yalnızlık yaşıyor ve sürekli üzüntü %66 oranında yalnızlıkla ilişkili. Bu, yalnızca bir boyutu ele alan izole müdahalelerin ruh sağlığının birbirine bağlı doğasını kaçıracağını gösteriyor. Şirketler ruh hali, sosyal bağlantı ve stres yönetimini aynı anda ele alan bütünsel ruh sağlığı programları uygulamalı: grup terapisi, gerçek bağlantıyı teşvik eden takım oluşturma aktiviteleri ve akran destek ağları - sadece bireysel danışmanlık değil (Cramer's V=0.35, p<0.001).","8","mental_health","severe_anhedonia; always_lonely; persistent_sadness; frequent_sadness; often_lonely","","0","0.0","A.depression_anhedonia=severe_anhedonia; A.loneliness=always_lonely; A.depression_mood=persistent_sadness; A.depression_mood=frequent_sadness; A.loneliness=often_lonely","1457"
"HRA_data_report_insights.json","insight_06","6","A striking nutrition crisis exists even among health-engaged survey participants: 53.1% report very poor fruit/vegetable intake and 39.4% report poor intake, meaning 92.5% of respondents don't meet basic nutritional standards. Only 1.7% achieve good or excellent nutrition. This near-universal deficiency suggests that individual nutrition education has failed - employees likely know vegetables are healthy but face structural barriers (limited healthy options in cafeterias, time poverty, cost, convenience). Companies must change the food environment itself through subsidized healthy meal programs, improved cafeteria offerings, free fruit provisions, and healthy snack policies.","Fruit/vegetable intake distribution: 53.1% very poor nutrition (n=774), 39.4% poor nutrition (n=574), totaling 92.5% below adequate. Only 5.8% adequate (n=84), 1.4% good (n=20), 0.3% excellent (n=5). This represents engaged employees who completed health survey - true workforce nutrition may be worse. Diversity score: 0.588, indicating highly concentrated poor nutrition across workforce.","Sağlık bilinci yüksek anket katılımcıları arasında bile çarpıcı bir beslenme krizi var: %53,1'i çok yetersiz meyve-sebze tüketimi, %39,4'ü yetersiz tüketim bildiriyor - yani katılımcıların %92,5'i temel beslenme standartlarını karşılamıyor. Yalnızca %1,7'si iyi veya mükemmel beslenme gösteriyor. Bu neredeyse evrensel eksiklik, bireysel beslenme eğitiminin başarısız olduğunu gösteriyor - çalışanlar sebzelerin sağlıklı olduğunu biliyor ama yapısal engellerle karşılaşıyor. Şirketler gıda ortamının kendisini değiştirmeli: sübvansiyonlu sağlıklı yemek programları, iyileştirilmiş kafeterya seçenekleri, ücretsiz meyve temini, sağlıklı atıştırmalık politikaları (n=774 çok yetersiz, n=574 yetersiz).","9","nutrition","very_poor_nutrition; poor_nutrition; excellent_nutrition; good_nutrition","","0","0.0","A.fruit_veg_intake=very_poor_nutrition; A.fruit_veg_intake=poor_nutrition; A.fruit_veg_intake=excellent_nutrition; A.fruit_veg_intake=good_nutrition","1457"
"HRA_data_report_insights.json","insight_07","7","A micro-segment of just 15 employees who report no exercise combined with excessive sleep shows an extraordinary 80% high-risk rate - 3.65 times the population baseline. Such tiny high-risk segments represent perfect targets for intensive, personalized intervention with exceptional ROI potential. HR systems should use multi-factor flagging algorithms to identify these micro-segments automatically and offer white-glove concierge health services: dedicated health coaches, priority medical appointments, home sleep studies, and personalized exercise programs. The small size makes comprehensive support affordable while the concentrated risk maximizes impact.","Segment: no_exercise + excessive_sleep shows 80.0% high-risk rate vs 21.9% population (risk ratio: 3.65x, difference: +58.1pp, n=15, 1.0% of population). Other high-impact micro-segments: frequently_irritated + insufficient_sleep (77.4% high-risk, 3.54x, n=31); heavy_alcohol + sometimes_irritated (75.0% high-risk, 3.43x, n=8); excessive_sleep alone (64.0% high-risk, 2.92x, n=25).","Egzersiz yapmayan ve aşırı uyuyan yalnızca 15 çalışanlık mikro-segment olağanüstü %80 yüksek risk oranı gösteriyor - nüfus ortalamasının 3,65 katı. Bu tür küçük yüksek riskli segmentler, olağanüstü yatırım getirisi potansiyeline sahip yoğun, kişiselleştirilmiş müdahale için mükemmel hedeflerdir. İK sistemleri bu mikro-segmentleri otomatik olarak tespit etmek için çok faktörlü bayrak algoritmaları kullanmalı ve özel konsiyerj sağlık hizmetleri sunmalı: özel sağlık koçları, öncelikli tıbbi randevular, evde uyku çalışmaları ve kişiselleştirilmiş egzersiz programları. Küçük boyut kapsamlı desteği uygun fiyatlı hale getirirken yoğun risk etkiyi maksimize ediyor (n=15, risk oranı: 3.65x).","10","activity_level; sleep","no_exercise; excessive_sleep","","15","1.03","A.activity_level=no_exercise; A.sleep_quality=excessive_sleep","1457"
"HRA_data_report_insights.json","insight_08","8","Daily exercise shows a perfect protective effect: 0% of employees exercising daily (n=49) are classified as high-risk, compared to 21.9% overall. Similarly, employees reporting never feeling irritated show 0% high-risk rates. These represent proof points that certain behaviors deliver near-complete protection when sustained. Companies should study these high-performing individuals to understand what enables their consistency, then systematically replicate those conditions: flexible scheduling that accommodates morning workouts, on-site facilities eliminating commute barriers, team-based fitness challenges creating social accountability, or workplace stress management reducing irritability triggers.","Daily exercise shows 0.0% high-risk rate vs 21.9% population (protection factor: infinite, n=49, 3.4% of workforce). Never irritated shows 0.0% high-risk rate (protection factor: infinite, n=36, 2.5% of workforce). By contrast: no exercise shows 49.6% prevalence with 75.8% of high-risk employees reporting no exercise. The contrast demonstrates powerful protective effect of sustained daily activity and stress management.","Günlük egzersiz yapan çalışanların hiçbiri (%0) yüksek risk olarak sınıflandırılmıyor (genel nüfusta %21,9). Benzer şekilde, hiç sinirli hissetmeyen çalışanlar %0 yüksek risk oranı gösteriyor. Bunlar, belirli davranışların sürdürüldüğünde neredeyse tam koruma sağladığına dair kanıtlardır. Şirketler bu yüksek performanslı bireyleri incelemeli ve tutarlılıklarını sağlayan faktörleri anlamalı, ardından bu koşulları sistematik olarak çoğaltmalı: sabah antrenmanlarına uyum sağlayan esnek programlama, ulaşım engellerini ortadan kaldıran yerinde tesisler, sosyal sorumluluk yaratan takım bazlı fitness yarışmaları veya sinirlilik tetikleyicilerini azaltan işyeri stres yönetimi (günlük egzersiz n=49, hiç sinirli değil n=36).","9","activity_level; mental_health","daily_exercise; never_irritated","","4","0.27","A.activity_level=daily_exercise; A.stress_level_irritability=never_irritated","1457"
"HRA_data_report_insights.json","insight_09","9","Chronic disease prevalence is surprisingly low even in this survey population: diabetes (2.9%), heart disease (2.3%), hypertension (2.0%), cancer (0.5%). Yet 22.6% are classified as high-risk, indicating that current risk stems primarily from modifiable lifestyle factors rather than established disease. This represents a prevention opportunity window - companies can intervene before diseases develop rather than managing complications afterward. The data shows lifestyle changes now can prevent the chronic disease burden that would otherwise emerge in 5-10 years, making wellness investments today far more cost-effective than disease management tomorrow.","Chronic disease prevalence: diabetes 2.9% (n=42), thyroid 8.5% (n=124), kidney disease 1.0% (n=14), heart disease 2.3% (n=34), obesity 3.3% (n=48), hypertension 2.0% (n=29), cancer 0.5% (n=8). Combined chronic disease prevalence: <10% of population. Yet 21.9% high-risk + 0.8% very high-risk = 22.7% at elevated risk. This indicates risk driven by lifestyle factors (smoking, inactivity, poor nutrition, stress) rather than existing disease.","Anket popülasyonunda kronik hastalık yaygınlığı şaşırtıcı derekede düşük: diyabet (%2,9), kalp hastalığı (%2,3), hipertansiyon (%2,0), kanser (%0,5). Ancak %22,6'sı yüksek risk olarak sınıflandırılıyor - bu, mevcut riskin yerleşik hastalıktan çok değiştirilebilir yaşam tarzı faktörlerinden kaynaklandığını gösteriyor. Bu bir önleme fırsat penceresidir - şirketler hastalıklar gelişmeden önce müdahale edebilir. Veriler, bugün yaşam tarzı değişikliklerinin 5-10 yıl içinde ortaya çıkacak kronik hastalık yükünü önleyebileceğini gösteriyor; bu da bugünkü sağlık yatırımlarını yarının hastalık yönetiminden çok daha maliyet-etkin hale getiriyor (yüksek risk n=330, kronik hastalık toplamı <%10).","8","health_conditions; lifestyle","no_diabetes; no_heart_disease; no_hypertension; no_cancer","","1353","92.86","diabetes_status=no_diabetes; heart_disease_status=no_heart_disease; hypertension_status=no_hypertension; cancer_status=no_cancer","1457"
"HRA_data_report_insights.json","insight_10","10","Stress manifests differently across the workforce: 44.9% sometimes feel irritated, 34.2% often irritated, and 8.4% frequently irritated, while 41.8% sometimes feel out of control and 26.4% often feel out of control. This widespread stress experience suggests systemic workplace stressors rather than individual resilience deficits. Companies should investigate organizational sources of stress - unrealistic deadlines, unclear expectations, insufficient autonomy, poor manager communication, lack of recognition - and address root causes through workload audits, manager training, role clarity initiatives, and autonomy-enhancing policies rather than only offering individual stress management apps.","Stress level - irritability distribution: 44.9% sometimes irritated (n=654), 34.2% often irritated (n=498), 8.4% frequently irritated (n=123), only 10.0% rarely (n=146) and 2.5% never irritated (n=36). Stress level - locus of control: 41.8% sometimes out of control (n=609), 26.4% often (n=384), 9.5% frequently (n=138), only 14.6% mostly in control (n=213) and 7.8% always in control (n=113). Combined: 87.5% experience regular irritability; 77.7% experience regular loss of control.","Stres işgücü genelinde farklı şekillerde ortaya çıkıyor: %44,9 bazen sinirli, %34,2 sık sık sinirli, %8,4 çok sık sinirli hissediyor; %41,8 bazen kontrol eksikliği, %26,4 sık sık kontrol eksikliği yaşıyor. Bu yaygın stres deneyimi, bireysel dayanıklılık eksikliğinden çok sistemik işyeri stres faktörlerini gösteriyor. Şirketler organizasyonel stres kaynaklarını araştırmalı - gerçekçi olmayan son tarihler, belirsiz beklentiler, yetersiz özerklik, zayıf yönetici iletişimi, tanınma eksikliği - ve yalnızca bireysel stres yönetimi uygulamaları sunmak yerine iş yükü denetimleri, yönetici eğitimi, rol netliği girişimleri ve özerklik artırıcı politikalar aracılığıyla kök nedenleri ele almalı.","8","mental_health","sometimes_irritated; often_irritated; frequently_irritated; sometimes_out_of_control; often_out_of_control","","0","0.0","A.stress_level_irritability=sometimes_irritated; A.stress_level_irritability=often_irritated; A.stress_level_irritability=frequently_irritated; A.stress_level_loc=sometimes_out_of_control; A.stress_level_loc=often_out_of_control","1457"
"HRA_data_report_insights.json","insight_11","11","Obese employees with persistent sadness face catastrophic compound risk: 17.9% fall into very high-risk category compared to 0.8% overall - representing a 22-fold elevation. This tiny segment of 28 employees needs immediate, multidisciplinary intervention combining weight management, mental health support, and medical monitoring. The extreme risk elevation suggests these employees face cascading health crises where physical and mental health deteriorate together. Companies should implement integrated care pathways that provide simultaneous access to dietitians, therapists, physicians, and fitness coaches rather than fragmented specialty referrals.","Obese employees with persistent sadness show 17.9% very high-risk rate vs 0.8% population baseline (p < 0.001, 10.42σ, risk ratio: 22.4x, n=28). Other severe compound effects: excessive_sleep + severe_anhedonia (27.3% very high-risk, 10.12σ, n=11); excessive_sleep + persistent_sadness (23.1% very high-risk, 9.26σ, n=13); excessive_sleep + always_lonely (21.4% very high-risk, 8.90σ, n=14); obese + daily_smoker (11.3% very high-risk, 8.85σ, n=53).","Obez ve sürekli üzüntü yaşayan çalışanlar felaket düzeyinde bileşik risk taşıyor: %17,9'u çok yüksek risk kategorisinde (genel nüfusta %0,8) - 22 kat artış. Yalnızca 28 çalışanlık bu küçük segment, kilo yönetimi, ruh sağlığı desteği ve tıbbi izlemeyi birleştiren acil, multidisipliner müdahale gerektiriyor. Aşırı risk artışı, bu çalışanların fiziksel ve zihinsel sağlığın birlikte kötüleştiği kademeli sağlık krizleriyle karşılaştığını gösteriyor. Şirketler, parçalı uzmanlık yönlendirmeleri yerine diyetisyen, terapist, doktor ve fitness koçlarına eşzamanlı erişim sağlayan entegre bakım yolları uygulamalıdır (n=28, risk oranı: 22.4x, 10.42σ).","10","physical_health; mental_health","persistent_sadness","obese","28","1.92","A.depression_mood=persistent_sadness; bmi_category=obese","1457"
"HRA_data_report_insights.json","insight_12","12","Normal weight employees with positive mood achieve 59% low-risk classification, but normal weight alone doesn't guarantee health - the data shows normal weight employees span all risk categories. This challenges the oversimplified ""weight = health"" narrative and demonstrates that BMI must be evaluated alongside mental health, lifestyle behaviors, and stress levels. Companies should avoid weight-centric wellness programs that stigmatize obesity while ignoring unhealthy normal-weight employees. Instead, offer comprehensive health assessments measuring multiple dimensions and provide personalized interventions based on individual risk profiles rather than appearance-based assumptions.","Normal weight + positive mood shows 59.0% low-risk rate vs 12.8% population (11.75σ, n=83). Normal weight + full_interest_pleasure shows 56.2% low-risk (10.84σ, n=80). However, BMI_category distribution across risk levels shows normal weight employees present in all categories: 49.4% of total population is normal weight (n=717), yet they represent both highest low-risk group and significant portion of high-risk group. This indicates weight alone insufficient predictor; mental health and lifestyle are critical factors.","Normal kilolu ve olumlu ruh haline sahip çalışanların %59'u düşük risk gösteriyor, ancak tek başına normal kilo sağlığı garanti etmiyor - veriler normal kilolu çalışanların tüm risk kategorilerine yayıldığını gösteriyor. Bu, aşırı basitleştirilmiş ""kilo = sağlık"" anlatısına meydan okuyor ve BMI'nin ruh sağlığı, yaşam tarzı davranışları ve stres seviyeleriyle birlikte değerlendirilmesi gerektiğini gösteriyor. Şirketler, obeziteyi damgalayan ancak sağlıksız normal kilolu çalışanları göz ardı eden kilo merkezli sağlık programlarından kaçınmalı. Bunun yerine, birden fazla boyutu ölçen kapsamlı sağlık değerlendirmeleri sunmalı ve görünüşe dayalı varsayımlar yerine bireysel risk profillerine göre kişiselleştirilmiş müdahaleler sağlamalıdır (normal kilo + olumlu ruh hali n=83, 11.75σ).","8","physical_health; mental_health","positive_mood; full_interest_pleasure","normal_weight","46","3.16","A.depression_mood=positive_mood; A.depression_anhedonia=full_interest_pleasure; bmi_category=normal_weight","1457"
"HRA_data_report_insights.json","insight_13","13","Sleep quality shows a J-shaped risk curve: insufficient sleep (15.9%) and excessive sleep (1.7%) both predict elevated risk, while borderline sleep (51%) represents the most common state. Excessive sleepers show 64% high-risk rates and face compound dangers when combined with mental health issues. This bidirectional relationship means companies need different interventions for different sleep problems: shift work policies and workload management for insufficient sleepers, plus sleep disorder screening and medical referrals for excessive sleepers who may have underlying conditions like sleep apnea or depression requiring clinical intervention.","Sleep quality distribution: 51.0% borderline (n=743), 27.3% optimal (n=398), 15.9% insufficient (n=231), 4.1% long (n=60), 1.7% excessive (n=25). Excessive sleep shows 64.0% high-risk rate (risk ratio: 2.92x, n=25). Compound effects: excessive_sleep + severe_anhedonia (27.3% very high-risk, 10.12σ, n=11); excessive_sleep + persistent_sadness (23.1% very high-risk, 9.26σ, n=13). Insufficient sleep shows 97.8% elevated risk in additive model, indicating strong independent risk factor.","Uyku kalitesi J şeklinde bir risk eğrisi gösteriyor: yetersiz uyku (%15,9) ve aşırı uyku (%1,7) yüksek riski öngörüyor, sınırda uyku (%51) en yaygın durum. Aşırı uyuyanlar %64 yüksek risk oranı gösteriyor ve ruh sağlığı sorunlarıyla birleştiğinde bileşik tehlikelerle karşılaşıyorlar. Bu çift yönlü ilişki, şirketlerin farklı uyku sorunları için farklı müdahalelere ihtiyaç duyduğu anlamına geliyor: yetersiz uyuyanlar için vardiya çalışma politikaları ve iş yükü yönetimi, artı uyku apnesi veya klinik müdahale gerektiren depresyon gibi altta yatan durumları olabilecek aşırı uyuyanlar için uyku bozukluğu taraması ve tıbbi yönlendirmeler (aşırı uyku n=25, %64 yüksek risk, 2.92x).","8","sleep; physical_health","insufficient_sleep; excessive_sleep; borderline_sleep; optimal_sleep","","0","0.0","A.sleep_quality=insufficient_sleep; A.sleep_quality=excessive_sleep; A.sleep_quality=borderline_sleep; A.sleep_quality=optimal_sleep","1457"
"HRA_data_report_insights.json","insight_14","14","An unexpected relationship emerges between mood and sugar intake: employees with positive mood show 48% minimal sugar consumption compared to 26% population-wide, suggesting that diet and mental health influence each other bidirectionally. While causation remains unclear, this creates an opportunity for integrated interventions that address both simultaneously. Companies could pilot programs combining nutrition coaching with mood tracking, offering healthy food subsidies alongside mental health resources, or testing whether dietary improvements create mental health benefits and vice versa through structured experiments measuring both outcomes.","Unexpected cross-cluster correlation: depression_mood × sugar_intake (Cramer's V = 0.159, p < 0.001). Employees with positive_mood show 48% minimal_sugar intake vs 26% population baseline. Overall sugar intake distribution: 25.9% minimal (n=377), 18.7% low (n=272), 17.8% moderate weekly (n=259), 13.9% frequent weekly (n=203), 23.7% daily weekly (n=346), showing high diversity (diversity score: 0.986).","Ruh hali ve şeker tüketimi arasında beklenmedik bir ilişki ortaya çıkıyor: olumlu ruh haline sahip çalışanların %48'i minimum şeker tüketiyor (genel nüfusta %26), bu da beslenme ve ruh sağlığının birbirini çift yönlü etkilediğini gösteriyor. Nedensellik belirsiz olsa da, bu her ikisini de aynı anda ele alan entegre müdahaleler için bir fırsat yaratıyor. Şirketler, beslenme koçluğunu ruh hali takibiyle birleştiren, ruh sağlığı kaynaklarının yanı sıra sağlıklı gıda sübvansiyonları sunan veya diyet iyileştirmelerinin ruh sağlığı faydaları yaratıp yaratmadığını (veya tersi) her iki sonucu da ölçen yapılandırılmış deneyler aracılığıyla test eden pilot programlar deneyebilir (Cramer's V=0.159, p<0.001).","7","mental_health; nutrition","positive_mood; minimal_sugar","","92","6.31","A.depression_mood=positive_mood; A.sugar_intake=minimal_sugar","1457"
"HRA_data_report_insights.json","insight_15","15","The combination of frequently feeling irritated plus insufficient sleep affects 31 employees who show a devastating 77.4% high-risk rate - 3.54 times the population baseline. This stress-sleep interaction represents a vicious cycle where stress disrupts sleep and poor sleep amplifies stress responses. Breaking this cycle requires simultaneous intervention on both factors. Companies should offer integrated programs: cognitive behavioral therapy for insomnia (CBT-I) combined with workplace stress reduction, flexible start times allowing natural sleep schedules plus workload adjustments reducing stress, or mindfulness training addressing both stress reactivity and sleep hygiene together rather than separately.","Segment: frequently_irritated + insufficient_sleep shows 77.4% high-risk rate vs 21.9% population (risk ratio: 3.54x, difference: +55.5pp, n=31, 2.1% of population). Base rates: frequently_irritated alone affects 8.4% (n=123) with 95.1% elevated risk; insufficient_sleep affects 15.9% (n=231) with 97.8% elevated risk. Combined effect exceeds additive prediction, indicating interaction/synergy between stress and sleep deprivation.","Sık sık sinirli hissetme ve yetersiz uykunun kombinasyonu 31 çalışanı etkiliyor ve yıkıcı %77,4 yüksek risk oranı gösteriyorlar - nüfus ortalamasının 3,54 katı. Bu stres-uyku etkileşimi, stresin uykuyu bozduğu ve kötü uykunun stres tepkilerini güçlendirdiği kısır bir döngüyü temsil ediyor. Bu döngüyü kırmak her iki faktöre de eşzamanlı müdahale gerektiriyor. Şirketler entegre programlar sunmalı: uykusuzluk için bilişsel davranışçı terapi (CBT-I) ve işyeri stres azaltma, doğal uyku programlarına izin veren esnek başlangıç saatleri artı stresi azaltan iş yükü ayarlamaları, veya hem stres reaktivitesini hem de uyku hijyenini ayrı değil birlikte ele alan farkındalık eğitimi (n=31, risk oranı: 3.54x, 5.55pp fark).","9","mental_health; sleep","frequently_irritated; insufficient_sleep","","31","2.13","A.stress_level_irritability=frequently_irritated; A.sleep_quality=insufficient_sleep","1457"
"HRA_data_report_insights.json","insight_16","16","Supplement usage divides the workforce almost evenly: 46.1% use supplements, 53.9% don't. However, supplement use doesn't appear among top risk factors or protective factors, suggesting supplements neither compensate for poor lifestyle nor enhance good habits significantly. This challenges the common employee belief that supplements provide health insurance against lifestyle risks. Companies should redirect wellness budget from supplement subsidies toward interventions with proven impact: smoking cessation support, gym memberships, healthy food provision, mental health services, and sleep programs. Evidence-based resource allocation will deliver far better health ROI than supplement programs.","Supplement usage: 46.1% using (n=672), 53.9% not using (n=785), nearly even split (diversity score: 0.996). However, supplement_usage does not appear among: (1) top statistical surprises for any risk outcome, (2) highest impact individual factors in compound risk models, (3) demographic outliers showing protection or elevation, or (4) significant cross-pattern relationships with health outcomes. This absence suggests limited independent impact on health risk classification.","Takviye kullanımı işgücünü neredeyse eşit şekilde bölüyor: %46,1 takviye kullanıyor, %53,9 kullanmıyor. Ancak takviye kullanımı en önemli risk faktörleri veya koruyucu faktörler arasında görünmüyor; bu, takviyelerin ne kötü yaşam tarzını telafi ettiğini ne de iyi alışkanlıkları önemli ölçüde geliştirdiğini gösteriyor. Bu, takviyelerin yaşam tarzı risklerine karşı sağlık sigortası sağladığına dair yaygın çalışan inancına meydan okuyor. Şirketler sağlık bütçesini takviye sübvansiyonlarından kanıtlanmış etkiye sahip müdahalelere yönlendirmeli: sigarayı bırakma desteği, spor salonu üyelikleri, sağlıklı gıda temini, ruh sağlığı hizmetleri ve uyku programları. Kanıt tabanlı kaynak tahsisi, takviye programlarından çok daha iyi sağlık yatırım getirisi sağlayacaktır (kullanıyor n=672, kullanmıyor n=785).","7","nutrition; lifestyle","using_supplements; not_using_supplements","","0","0.0","A.supplement_usage=using_supplements; A.supplement_usage=not_using_supplements","1457"
"company/Company_28_report_insights.json","insight_01","1","Daily smokers face dramatically elevated health risks, with 63% classified as high risk compared to 24.9% of the general employee population. This 2.5x risk multiplier represents the single strongest health predictor in your workforce, affecting 181 employees (22.7% of surveyed staff). Companies should implement targeted smoking cessation programs with behavioral coaching, nicotine replacement therapy coverage, and financial incentives for quitting. Consider partnering with specialized cessation vendors and tracking quit rates as a key wellness KPI.","Daily smokers: 63.0% high risk vs 24.9% population baseline (n=181). Statistical significance: 10.25σ. Risk ratio: 2.53x. Among high-risk employees, 58.5% are daily smokers compared to 22.7% in general population.","Günlük sigara içen çalışanlar dramatik şekilde yüksek sağlık riski taşıyor: %63'ü yüksek risk grubunda (genel çalışan popülasyonunda %24,9). Bu 2,5 kat risk çarpanı, işgücünüzdeki en güçlü sağlık belirleyicisi ve 181 çalışanı (%22,7) etkiliyor. Şirketler, davranış değişimi koçluğu, nikotin replasman tedavisi kapsamı ve bırakma için finansal teşvikler içeren hedefli sigara bırakma programları uygulamalı. Uzman bırakma hizmeti sağlayıcılarıyla ortaklık kurmayı ve bırakma oranlarını temel sağlık KPI'ı olarak izlemeyi düşünün.","9","lifestyle; physical_health","daily_smoker","","327","22.44","A.smoking_status=daily_smoker","1457"
"company/Company_28_report_insights.json","insight_02","2","Employees experiencing both high stress (frequent irritability) and insufficient sleep face catastrophic health outcomes, with 81.8% in the high-risk category - more than triple the company average. This 22-person segment (2.8% of workforce) represents a critical intervention opportunity where addressing sleep hygiene could break the stress-health deterioration cycle. Implement sleep wellness programs including circadian rhythm education, relaxation techniques, and stress management workshops. Consider flexible work arrangements to reduce sleep disruption for high-stress roles.","Frequently irritated + insufficient sleep: 81.8% high risk vs 24.9% population (n=22, 2.8% of workforce). Risk ratio: 3.28x, difference: +56.9 percentage points. Among this group, 45% are daily smokers vs 23% population average, suggesting multiple risk factor clustering.","Yüksek stres (sık sinirlilik) ve yetersiz uyku yaşayan çalışanlar felaket düzeyinde sağlık sonuçlarıyla karşı karşıya: %81,8'i yüksek risk kategorisinde - şirket ortalamasının üç katından fazla. Bu 22 kişilik segment (%2,8 işgücü) kritik bir müdahale fırsatı sunuyor; uyku hijyenine odaklanmak stres-sağlık kötüleşme döngüsünü kırabilir. Sirkadiyen ritim eğitimi, rahatlama teknikleri ve stres yönetimi atölyeleri içeren uyku sağlığı programları uygulayın. Yüksek stresli roller için esnek çalışma düzenlemeleri düşünün.","10","mental_health; sleep","frequently_irritated; insufficient_sleep","","31","2.13","A.stress_level_irritability=frequently_irritated; A.sleep_quality=insufficient_sleep","1457"
"company/Company_28_report_insights.json","insight_03","3","Daily exercise demonstrates complete protection against high health risk - zero employees exercising daily fell into the high-risk category, despite this group representing 27 employees across various BMI levels and health backgrounds. This protective effect is so strong it appears to override other risk factors. Companies should prioritize making daily movement accessible through on-site fitness facilities, subsidized gym memberships, walking meeting culture, and active commute incentives. Track daily exercise adoption as the single most impactful wellness metric.","Daily exercise group: 0% high risk vs 24.9% population (n=27, 3.4% of workforce). Complete protection factor (inf x). Among all lifestyle factors analyzed, daily exercise showed the strongest protective effect (impact: 0.00x baseline, elevated risk rate: 63.0% vs 89.1% population).","Günlük egzersiz, yüksek sağlık riskine karşı tam koruma sağlıyor - günlük egzersiz yapan 27 çalışanın hiçbiri yüksek risk kategorisine düşmedi (farklı BMI seviyeleri ve sağlık geçmişlerine rağmen). Bu koruyucu etki o kadar güçlü ki diğer risk faktörlerini geçersiz kılıyor gibi görünüyor. Şirketler, yerinde fitness tesisleri, sübvansiyonlu spor salonu üyelikleri, yürüyerek toplantı kültürü ve aktif işe gidişe teşvikler aracılığıyla günlük hareketi erişilebilir kılmaya öncelik vermeli. Günlük egzersiz benimsenmesini en etkili tek sağlık metriği olarak izleyin.","10","activity_level; lifestyle","daily_exercise","","49","3.36","A.activity_level=daily_exercise","1457"
"company/Company_28_report_insights.json","insight_04","4","The compound crisis of daily smoking combined with severe depression symptoms creates an extreme vulnerability, with 14.3% of affected employees reaching very high risk status - 18 times the company average of 0.8%. This 42-person group requires urgent, integrated mental health and addiction support. Standard wellness programs are insufficient; companies need coordinated care management combining psychiatric support, smoking cessation, and case management. Screen all smokers for depression and all employees with severe depression for smoking.","Daily smoker + severe anhedonia: 14.3% very high risk vs 0.8% population (n=42). Statistical significance: 10.12σ. Effect size: +13.5 percentage points. Similar pattern observed with daily smoker + persistent sadness: 13.6% very high risk (n=44, 9.86σ significance).","Günlük sigara içimi ile şiddetli depresyon belirtilerinin birleşimi aşırı bir kırılganlık yaratıyor: etkilenen çalışanların %14,3'ü çok yüksek risk durumuna ulaşıyor - şirket ortalamasının (%0,8) 18 katı. Bu 42 kişilik grup acil, entegre ruh sağlığı ve bağımlılık desteği gerektiriyor. Standart sağlık programları yetersiz; şirketler psikiyatrik destek, sigara bırakma ve vaka yönetimini birleştiren koordineli bakım yönetimi sağlamalı. Tüm sigara içenleri depresyon açısından, şiddetli depresyonu olan tüm çalışanları sigara içimi açısından tarayın.","10","mental_health; lifestyle","daily_smoker; severe_anhedonia","","60","4.12","A.smoking_status=daily_smoker; A.depression_anhedonia=severe_anhedonia","1457"
"company/Company_28_report_insights.json","insight_05","5","A catastrophic 93.6% of employees report poor or very poor fruit and vegetable intake, with 55.8% in the ""very poor"" category. This near-universal nutrition gap affects health-engaged employees who voluntarily participate in wellness surveys, suggesting the true company-wide problem is likely worse. Despite this, 50% report minimal processed food consumption, revealing a knowledge gap - employees may avoid processed foods but aren't replacing them with adequate produce. Launch targeted nutrition education focusing on simple, affordable ways to increase produce intake, subsidize healthy food options, and consider produce delivery programs to employee homes or offices.","Fruit/vegetable intake: 55.8% very poor (n=445), 37.8% poor (n=302), totaling 93.6% with inadequate intake. Only 4.5% adequate (n=36), 1.4% good (n=11), 0.5% excellent (n=4). Paradoxically, 50.0% report minimal processed food intake (n=399), suggesting substitution gap rather than overall poor eating.","Çalışanların felaket düzeyinde %93,6'sı yetersiz veya çok yetersiz meyve-sebze tüketimi bildiriyor (%55,8'i ""çok yetersiz"" kategorisinde). Bu neredeyse evrensel beslenme açığı, sağlık anketlerine gönüllü katılan sağlık bilincine sahip çalışanları etkiliyor - bu da gerçek şirket çapındaki sorunun muhtemelen daha kötü olduğunu gösteriyor. Buna rağmen %50'si minimal işlenmiş gıda tüketimi bildiriyor, bu da bir bilgi açığını ortaya koyuyor: çalışanlar işlenmiş gıdalardan kaçınıyor ama yeterli taze ürünle değiştirmiyor. Sebze-meyve alımını artırmanın basit, uygun maliyetli yollarına odaklanan beslenme eğitimi başlatın, sağlıklı yiyecek seçeneklerini sübvanse edin ve çalışan evlerine veya ofislerine taze ürün teslimat programları düşünün.","8","nutrition","very_poor_nutrition; poor_nutrition","","0","0.0","A.fruit_veg_intake=very_poor_nutrition; A.fruit_veg_intake=poor_nutrition","1457"
"company/Company_28_report_insights.json","insight_06","6","More than half the workforce (53.4%, 426 employees) engages in zero regular exercise, creating a sedentary epidemic that compounds other health risks. When combined with insufficient sleep, this inactivity drives 71.6% into high-risk status. The exercise deficit is particularly severe among already high-risk employees, where 74.6% report no exercise. Companies need multi-layered activation strategies: remove barriers (on-site facilities, shower access), create social motivation (team challenges, group classes), and normalize movement (standing desks, walking meetings, activity break culture). Focus on making ""some movement"" the default rather than promoting intensive exercise programs that intimidate beginners.","No exercise: 53.4% of population (n=426). Among high-risk employees: 74.6% report no exercise. No exercise + insufficient sleep compound effect: 71.6% high risk vs 24.9% population (n=67, 8.4% of workforce, risk ratio: 2.87x). Protective comparison: daily exercise group shows 0% high risk.","İşgücünün yarısından fazlası (%53,4, 426 çalışan) düzenli egzersize hiç katılmıyor; bu da diğer sağlık risklerini artıran hareketsiz bir epidemi yaratıyor. Yetersiz uyku ile birleştiğinde, bu hareketsizlik %71,6'yı yüksek risk durumuna itiyor. Egzersiz açığı özellikle halihazırda yüksek riskli çalışanlar arasında şiddetli: %74,6'sı hiç egzersiz yapmıyor bildiriyor. Şirketler çok katmanlı aktivasyon stratejileri gerektiriyor: engelleri kaldırın (yerinde tesis, duş erişimi), sosyal motivasyon yaratın (takım yarışmaları, grup dersleri) ve hareketi normalleştirin (ayakta masalar, yürüyerek toplantılar, aktivite molası kültürü). Yeni başlayanları korkutan yoğun egzersiz programlarını teşvik etmek yerine ""biraz hareket""i varsayılan hale getirmeye odaklanın.","9","activity_level; sleep; lifestyle","no_exercise; insufficient_sleep","","139","9.54","A.activity_level=no_exercise; A.sleep_quality=insufficient_sleep","1457"
"company/Company_28_report_insights.json","insight_07","7","Normal-weight employees with optimal sleep patterns demonstrate exceptional health protection, with 34.4% achieving low-risk status compared to just 10.2% company-wide - more than tripling the low-risk rate. This 128-person segment proves that weight management and sleep quality create synergistic health benefits beyond their individual effects. Rather than targeting weight loss broadly, companies should promote sleep optimization first among normal-weight employees as a high-ROI prevention strategy. Implement sleep tracking challenges, optimize shift schedules to protect sleep, and educate employees that maintaining healthy weight requires consistent sleep as much as diet and exercise.","Normal weight + optimal sleep: 34.4% low risk vs 10.2% population (n=128). Statistical significance: 8.60σ, effect: +24.2 percentage points. Additional synergy: normal weight + no pain shows 38.8% low risk (n=103, 9.14σ). Normal weight alone represents 53.6% of workforce (n=425), creating large addressable population for sleep interventions.","Normal kilolu ve optimal uyku düzenine sahip çalışanlar olağanüstü sağlık koruması gösteriyor: %34,4'ü düşük risk durumuna ulaşıyor (şirket genelinde sadece %10,2) - düşük risk oranını üç kattan fazla artırıyor. Bu 128 kişilik segment, kilo yönetimi ve uyku kalitesinin bireysel etkilerinin ötesinde sinerjik sağlık faydaları yarattığını kanıtlıyor. Geniş kapsamlı kilo kaybını hedeflemek yerine, şirketler önce normal kilolu çalışanlar arasında uyku optimizasyonunu yüksek yatırım getirisi olan bir önleme stratejisi olarak teşvik etmeli. Uyku takip yarışmaları uygulayın, uykuyu korumak için vardiya programlarını optimize edin ve çalışanlara sağlıklı kilonun korunmasının diyet ve egzersiz kadar tutarlı uyku gerektirdiğini eğitin.","8","sleep; physical_health","normal_weight; optimal_sleep","normal_weight","212","14.55","bmi_category=normal_weight; A.sleep_quality=optimal_sleep; bmi_category=normal_weight","1457"
"company/Company_28_report_insights.json","insight_08","8","Only 6.9% of surveyed employees report consistently positive mood and full interest in activities, while 43.1% experience frequent or persistent sadness and 44.6% report moderate-to-severe depression symptoms. This mental health crisis affects employees already engaged enough to complete health surveys, suggesting widespread untreated depression across the broader workforce. Companies must move beyond EAP programs that rely on self-referral. Implement universal mental health screening, normalize therapy through mental health days and covered counseling, train managers to recognize depression signs, and reduce stigma through leadership storytelling about mental health journeys.","Positive mood: only 6.9% (n=55). Depression indicators: 16.9% persistent sadness (n=135), 26.2% frequent sadness (n=209), totaling 43.1%. Interest/pleasure deficits: 14.9% severe (n=119), 29.7% moderate (n=237), totaling 44.6%. Among high-risk employees, mental health factors cluster with lifestyle risks.","Ankete katılan çalışanların sadece %6,9'u sürekli olarak pozitif ruh hali ve aktivitelere tam ilgi bildiriyor; %43,1'i sık veya sürekli üzüntü, %44,6'sı orta-şiddetli depresyon belirtileri yaşıyor. Bu ruh sağlığı krizi, sağlık anketlerini dolduracak kadar motive olan çalışanları etkiliyor - bu da daha geniş işgücünde yaygın tedavi edilmemiş depresyon olduğunu gösteriyor. Şirketler, kendi kendine yönlendirmeye dayanan çalışan yardım programlarının ötesine geçmeli. Evrensel ruh sağlığı taraması uygulayın, ruh sağlığı günleri ve kapsam dahilindeki danışmanlık yoluyla terapiyi normalleştirin, yöneticileri depresyon belirtilerini tanımaları için eğitin ve liderlik düzeyinde ruh sağlığı hikayeleriyle damgalamayı azaltın.","9","mental_health","positive_mood; frequent_sadness; persistent_sadness; moderate_anhedonia; severe_anhedonia","","0","0.0","A.depression_mood=positive_mood; A.depression_mood=frequent_sadness; A.depression_mood=persistent_sadness; A.depression_anhedonia=moderate_anhedonia; A.depression_anhedonia=severe_anhedonia","1457"
"company/Company_28_report_insights.json","insight_09","9","Employees experiencing extreme physical pain face 2.74x elevated health risk, with 68.4% in the high-risk category, yet this 19-person group (2.4% of surveyed employees) represents a highly targetable intervention opportunity. Pain drives health deterioration through multiple pathways: limiting physical activity, disrupting sleep, elevating stress, and often correlating with smoking as a coping mechanism. Companies should implement comprehensive pain management programs including ergonomic workstation assessments, physical therapy coverage, chronic pain management education, and alternative pain treatment options (acupuncture, mindfulness-based stress reduction). Early intervention for pain complaints can prevent cascade into high-risk status.","Extreme pain: 68.4% high risk vs 24.9% population (n=19, 2.4% of workforce). Risk ratio: 2.74x, impact: strongest single physical health predictor. Pain spectrum: 2.4% extreme (n=19), 7.3% severe (n=58), 9.8% moderate (n=78), totaling 19.4% with significant pain. Among extreme pain group, 42% report frequent irritability vs 11% population, showing stress correlation.","Aşırı fiziksel ağrı yaşayan çalışanlar 2,74 kat yüksek sağlık riski taşıyor: %68,4'ü yüksek risk kategorisinde; ancak bu 19 kişilik grup (ankete katılanların %2,4'ü) son derece hedeflenebilir bir müdahale fırsatı sunuyor. Ağrı birden fazla yoldan sağlık bozulmasına yol açıyor: fiziksel aktiviteyi sınırlıyor, uykuyu bozuyor, stresi artırıyor ve genellikle başa çıkma mekanizması olarak sigara içimiyle ilişkili. Şirketler, ergonomik iş istasyonu değerlendirmeleri, fizik tedavi kapsamı, kronik ağrı yönetimi eğitimi ve alternatif ağrı tedavi seçenekleri (akupunktur, farkındalık temelli stres azaltma) içeren kapsamlı ağrı yönetimi programları uygulamalı. Ağrı şikayetlerine erken müdahale, yüksek risk durumuna geçişi önleyebilir.","8","physical_health","extreme_pain","","33","2.26","A.physical_pain=extreme_pain","1457"
"company/Company_28_report_insights.json","insight_10","10","Daily smoking combined with moderate alcohol consumption creates catastrophic risk concentration, with 80% of affected employees in the high-risk category - though this represents only 10 employees (1.3% of workforce). This micro-segment demonstrates how substance use behaviors cluster and amplify each other's harm. Rather than separate smoking and alcohol programs, implement integrated substance use support recognizing that employees managing one substance often struggle with others. Use peer recovery support, address underlying stress and mental health drivers, and create alcohol-free social alternatives at company events to change cultural norms around drinking.","Daily smoker + moderate alcohol: 80% high risk vs 24.9% population (n=10, 1.3% of workforce). Risk ratio: 3.21x. Among this group, 80% report no exercise and 80% borderline sleep, showing lifestyle risk clustering. Alcohol distribution overall: 54.8% no alcohol (n=437), 36.1% light (n=288), only 6.7% moderate-to-excessive combined (n=53).","Günlük sigara içimi ile orta düzey alkol tüketiminin birleşimi felaket düzeyinde risk yoğunlaşması yaratıyor: etkilenen çalışanların %80'i yüksek risk kategorisinde - ancak bu sadece 10 çalışanı (%1,3 işgücü) temsil ediyor. Bu mikro segment, madde kullanım davranışlarının nasıl kümelendiğini ve birbirlerinin zararını nasıl güçlendirdiğini gösteriyor. Ayrı sigara ve alkol programları yerine, bir maddeyi yöneten çalışanların genellikle diğerleriyle de mücadele ettiğini kabul eden entegre madde kullanım desteği uygulayın. Akran toparlanma desteği kullanın, altta yatan stres ve ruh sağlığı sürücülerini ele alın ve şirket etkinliklerinde içkisiz sosyal alternatifler yaratarak içki etrafındaki kültürel normları değiştirin.","7","lifestyle","daily_smoker; moderate_alcohol","","16","1.1","A.smoking_status=daily_smoker; A.alcohol_consumption=moderate_alcohol","1457"
"company/Company_28_report_insights.json","insight_11","11","Nearly half of employees (49.5%) use dietary supplements, yet this supplement usage shows no protective effect and paradoxically correlates with poor nutrition - 93.6% of the workforce still has inadequate fruit and vegetable intake regardless of supplement use. This reveals employees are seeking health solutions through pills rather than addressing fundamental dietary gaps. Companies waste wellness budgets subsidizing supplements when nutrition education and healthy food access deliver better outcomes. Redirect supplement spending toward produce subsidies, healthy cafeteria options, and nutrition coaching that emphasizes food-first approaches. Communicate that supplements cannot compensate for poor dietary patterns.","Supplement usage: 49.5% use (n=395), 50.5% don't (n=403), nearly even split. Despite high supplement use, nutrition remains poor: 55.8% very poor fruit/veg intake (n=445), 37.8% poor (n=302). Cross-pattern analysis shows supplement usage × depression mood correlation (Cramer's V=0.198), and supplement usage × activity level correlation (V=0.173), suggesting supplements used as substitute for lifestyle change.","Çalışanların yaklaşık yarısı (%49,5) besin takviyesi kullanıyor; ancak bu takviye kullanımı koruyucu etki göstermiyor ve paradoks olarak kötü beslenmeyle ilişkili - işgücünün %93,6'sında takviye kullanımına bakılmaksızın yetersiz meyve-sebze tüketimi var. Bu, çalışanların temel beslenme açıklarını ele almak yerine haplar aracılığıyla sağlık çözümleri aradığını ortaya koyuyor. Şirketler, beslenme eğitimi ve sağlıklı yiyecek erişimi daha iyi sonuçlar verirken sağlık bütçelerini takviyelere sübvanse ederek israf ediyorlar. Takviye harcamalarını taze ürün sübvansiyonlarına, sağlıklı kafeterya seçeneklerine ve önce gıda yaklaşımını vurgulayan beslenme koçluğuna yönlendirin. Takviyelerin kötü beslenme düzenlerini telafi edemeyeceğini iletin.","7","nutrition","using_supplements; very_poor_nutrition; poor_nutrition","","0","0.0","A.supplement_usage=using_supplements; A.fruit_veg_intake=very_poor_nutrition; A.fruit_veg_intake=poor_nutrition","1457"
"company/Company_28_report_insights.json","insight_12","12","More than one-quarter of employees (28.8%) report feeling lonely always, with an additional 19.4% feeling lonely often, creating a loneliness epidemic affecting nearly half the surveyed workforce (48.2%). When persistent sadness combines with frequent loneliness, 65.2% reach high-risk status. This isolation crisis likely worsened during remote work transitions and hasn't recovered. Companies must rebuild social infrastructure through team-building activities, mentorship programs, employee resource groups, collaborative workspaces, and regular in-person gatherings. Screen for loneliness during health assessments and connect isolated employees to peer support networks. Loneliness is as dangerous as smoking 15 cigarettes daily - treat it as a serious health risk.","Loneliness distribution: 28.8% always lonely (n=230), 19.4% often (n=155), totaling 48.2% experiencing frequent loneliness. Combined effect: persistent sadness + often lonely = 65.2% high risk vs 24.9% population (n=23, 2.9% of workforce, risk ratio: 2.62x). Never lonely represents only 6.8% (n=54), showing loneliness is widespread concern.","Çalışanların dörtte birinden fazlası (%28,8) her zaman yalnız hissettiğini bildiriyor; ek %19,4'ü sık sık yalnız hissediyor - ankete katılan işgücünün yaklaşık yarısını (%48,2) etkileyen bir yalnızlık epidemisi yaratıyor. Sürekli üzüntü sık yalnızlıkla birleştiğinde, %65,2 yüksek risk durumuna ulaşıyor. Bu izolasyon krizi muhtemelen uzaktan çalışma geçişleri sırasında kötüleşti ve toparlanmadı. Şirketler, takım oluşturma aktiviteleri, mentorluk programları, çalışan kaynak grupları, işbirlikçi çalışma alanları ve düzenli yüz yüze toplantılar aracılığıyla sosyal altyapıyı yeniden inşa etmeli. Sağlık değerlendirmeleri sırasında yalnızlığı tarayın ve izole çalışanları akran destek ağlarına bağlayın. Yalnızlık günde 15 sigara içmek kadar tehlikeli - ciddi bir sağlık riski olarak ele alın.","8","mental_health","always_lonely; often_lonely; persistent_sadness","","0","0.0","A.loneliness=always_lonely; A.loneliness=often_lonely; A.depression_mood=persistent_sadness","1457"
"company/Company_28_report_insights.json","insight_13","13","Obese employees experiencing persistent sadness face extreme vulnerability, with 16.7% reaching very high-risk status compared to just 0.8% company-wide - a 21-fold increase affecting 18 employees. This small but critical group likely experiences bidirectional health deterioration where obesity worsens depression through inflammation and reduced mobility, while depression makes weight management nearly impossible through stress eating and inactivity. Standard weight loss programs fail this population. Instead, implement integrated obesity-mental health programs combining psychiatric care, medication management for both conditions, trauma-informed therapy, and gentle movement programs designed for larger bodies. Address depression first to enable weight management capacity.","Obese + persistent sadness: 16.7% very high risk vs 0.8% population (n=18). Statistical significance: 7.79σ, effect: +15.9 percentage points. Similar pattern: obese + severe anhedonia shows 15.0% very high risk (n=20, 7.35σ). Obesity prevalence: 13.5% (n=107), creating substantial at-risk population when combined with mental health factors.","Sürekli üzüntü yaşayan obez çalışanlar aşırı kırılganlık gösteriyor: %16,7'si çok yüksek risk durumuna ulaşıyor (şirket genelinde sadece %0,8) - 18 çalışanı etkileyen 21 katlık bir artış. Bu küçük ama kritik grup muhtemelen çift yönlü sağlık bozulması yaşıyor: obezite, inflamasyon ve azaltılmış mobilite yoluyla depresyonu kötüleştiriyor; depresyon ise stresli yeme ve hareketsizlik yoluyla kilo yönetimini neredeyse imkansız hale getiriyor. Standart kilo kaybı programları bu popülasyonda başarısız oluyor. Bunun yerine, psikiyatrik bakım, her iki durum için ilaç yönetimi, travma bilinçli terapi ve daha büyük bedenler için tasarlanmış nazik hareket programlarını birleştiren entegre obezite-ruh sağlığı programları uygulayın. Kilo yönetimi kapasitesini sağlamak için önce depresyonu ele alın.","9","mental_health; physical_health","obese; persistent_sadness","obese","28","1.92","bmi_category=obese; A.depression_mood=persistent_sadness; bmi_category=obese","1457"
"company/Company_28_report_insights.json","insight_14","14","Daily consumption of processed foods creates dramatic risk elevation, with 10.4% of affected employees reaching very high-risk status - 13 times the company average. This 48-person group (6% of workforce) demonstrates that eating frequency matters as much as food quality. Processed foods are engineered for overconsumption and may indicate broader health disengagement. Companies should address this through environmental redesign: remove processed snack options from vending machines and break rooms, subsidize whole food alternatives, provide healthy grab-and-go options, and create meal prep education programs. Make the healthy choice the easy choice rather than relying on employee willpower to resist convenient processed options.","Daily processed food: 10.4% very high risk vs 0.8% population (n=48, 6.0% of workforce). Statistical significance: 7.72σ. Processed food distribution: 50.0% minimal (n=399), 24.3% low (n=194), but 14.0% consume frequently-to-daily (n=112). Contrast with overall low processed food rates suggests daily consumers represent distinct high-risk behavioral pattern.","Günlük işlenmiş gıda tüketimi dramatik risk artışı yaratıyor: etkilenen çalışanların %10,4'ü çok yüksek risk durumuna ulaşıyor - şirket ortalamasının 13 katı. Bu 48 kişilik grup (%6 işgücü), yeme sıklığının gıda kalitesi kadar önemli olduğunu gösteriyor. İşlenmiş gıdalar aşırı tüketim için tasarlanmış ve daha geniş sağlık ilgisizliğini gösterebilir. Şirketler bunu çevresel yeniden tasarım yoluyla ele almalı: otomat makinelerinden ve dinlenme odalarından işlenmiş atıştırmalıkları kaldırın, tam gıda alternatiflerini sübvanse edin, sağlıklı hazır seçenekler sunun ve yemek hazırlama eğitim programları oluşturun. Çalışan iradesine güvenmek yerine sağlıklı seçimi kolay seçim yapın.","7","nutrition; lifestyle","daily_processed_food_weekly","","72","4.94","A.processed_food_intake=daily_processed_food_weekly","1457"
"company/Company_28_report_insights.json","insight_15","15","Overweight employees performing frequent exercise show complete protection from high health risk (0% high-risk rate), proving that fitness level matters more than weight status alone for this 10-person group. This finding directly challenges weight-centric wellness approaches and suggests companies waste resources on weight loss programs when fitness building delivers superior outcomes. Shift wellness messaging from ""lose weight"" to ""gain fitness"" to reduce stigma and improve engagement among higher-BMI employees who may avoid traditional wellness programs. Implement Health At Every Size (HAES) principles, measure fitness improvements rather than weight loss, and celebrate strength, endurance, and energy gains regardless of scale changes.","Overweight + frequent exercise: 0% high risk vs 24.9% population (n=10, 1.3% of workforce). Complete protection factor. Overweight category represents 25.1% of workforce (n=199) with 32.7% of high-risk employees, but exercise appears to eliminate this risk. Additional support: daily exercise across all BMI categories shows 0% high risk (n=27).","Sık egzersiz yapan fazla kilolu çalışanlar yüksek sağlık riskine karşı tam koruma gösteriyor (%0 yüksek risk oranı), bu 10 kişilik grup için fitness seviyesinin tek başına kilo durumundan daha önemli olduğunu kanıtlıyor. Bu bulgu, kilo merkezli sağlık yaklaşımlarına doğrudan meydan okuyor ve şirketlerin fitness oluşturma üstün sonuçlar verirken kilo kaybı programlarına kaynak israf ettiğini gösteriyor. Damgalamayı azaltmak ve geleneksel sağlık programlarından kaçınabilecek yüksek BMI'lı çalışanlar arasında katılımı iyileştirmek için sağlık mesajını ""kilo kaybet""ten ""fitness kazan""a kaydırın. Her Bedende Sağlık (HAES) ilkelerini uygulayın, kilo kaybı yerine fitness iyileştirmelerini ölçün ve terazi değişikliklerinden bağımsız olarak güç, dayanıklılık ve enerji kazanımlarını kutlayın.","8","activity_level; physical_health","frequent_exercise","overweight","33","2.26","A.activity_level=frequent_exercise; bmi_category=overweight","1457"
"company/Company_40_report_insights.json","insight_01","1","This workforce faces an alarming mental health crisis with 93% showing depressive symptoms (mild to severe anhedonia) and 90% reporting frequent loss of control. Only 2 employees (6.7%) report full interest and pleasure in activities, indicating widespread disengagement and burnout risk. This level of psychological distress far exceeds typical workplace populations and demands immediate intervention. Companies should implement immediate mental health support including confidential counseling access, stress management workshops, and manager training to recognize burnout signs. Consider mandatory mental health days and workload audits to address root causes of the control loss epidemic affecting 90% of surveyed employees.","Anhedonia distribution: mild_anhedonia 63.3% (n=19), moderate_anhedonia 20.0% (n=6), severe_anhedonia 10.0% (n=3), full_interest_pleasure only 6.7% (n=2). Loss of control: sometimes_out_of_control 36.7% (n=11), often_out_of_control 33.3% (n=10), frequently_out_of_control 20.0% (n=6), mostly_in_control only 10.0% (n=3). Combined: 93.3% show depressive symptoms, 90% report control loss.","Ankete katılan çalışanların %93'ü hafif ila şiddetli depresyon belirtileri (anhedoni - aktivitelerden zevk alamama) gösterirken, sadece %6,7'si (2 çalışan) tam ilgi ve zevk hissi bildiriyor. Ayrıca çalışanların %90'ı hayatlarının kontrolünün bazen ila sıklıkla ellerinden çıktığını hissediyor. Bu veriler, işyerinde yaygın bir tükenmişlik ve psikolojik sıkıntı krizi olduğuna işaret ediyor. Şirketler derhal gizli psikolojik danışmanlık hizmetleri, stres yönetimi atölyeleri ve yöneticilere tükenmişlik belirtilerini tanıma eğitimi sağlamalı. İş yükü denetimi ve zorunlu mental sağlık izinleri, %90'lık kontrol kaybı epidemisinin kök nedenlerini ele almak için kritik önlemler olacaktır.","9","mental_health","mild_anhedonia; moderate_anhedonia; severe_anhedonia; sometimes_out_of_control; often_out_of_control; frequently_out_of_control","","0","0.0","A.depression_anhedonia=mild_anhedonia; A.depression_anhedonia=moderate_anhedonia; A.depression_anhedonia=severe_anhedonia; A.stress_level_loc=sometimes_out_of_control; A.stress_level_loc=often_out_of_control; A.stress_level_loc=frequently_out_of_control","1457"
"company/Company_40_report_insights.json","insight_02","2","Physical inactivity has reached crisis levels with 63% of surveyed employees doing zero exercise and only 17% achieving weekly or more frequent activity. Combined with 93% having poor to very poor fruit and vegetable intake, this creates a perfect storm for future chronic disease despite currently low rates of diabetes, heart disease, and hypertension. This workforce is building significant health debt that will manifest within 5-10 years. Launch a comprehensive wellness program targeting the 19 completely sedentary employees with walking challenges, subsidized gym memberships, and healthy snack programs to address the nutrition crisis. Focus on making small changes accessible rather than demanding major lifestyle overhauls, as this level of inactivity suggests significant barriers to engagement.","Activity levels: no_exercise 63.3% (n=19), weekly_exercise 20.0% (n=6), regular_exercise 13.3% (n=4), frequent_exercise 3.3% (n=1). Fruit/vegetable intake: very_poor_nutrition 46.7% (n=14), poor_nutrition 46.7% (n=14), adequate_nutrition 3.3% (n=1), good_nutrition 3.3% (n=1). Combined poor nutrition: 93.4% (n=28). Chronic disease prevalence remains low: no_diabetes 100%, no_heart_disease 96.7%, no_hypertension 96.7%.","Ankete katılan çalışanların %63'ü hiç egzersiz yapmıyor ve sadece %17'si haftalık veya daha sık aktivite gerçekleştiriyor (n=19 hareketsiz, n=5 aktif). Buna ek olarak, çalışanların %93'ü çok kötü ila kötü meyve-sebze tüketimine sahip (n=28). Şu anda diyabet, kalp hastalığı ve hipertansiyon oranları düşük olsa da, bu davranış profili önümüzdeki 5-10 yıl içinde kronik hastalık patlamasına yol açacak. Şirketler, 19 tamamen hareketsiz çalışana yönelik yürüyüş yarışmaları, sübvansiyonlu spor salonu üyelikleri ve sağlıklı atıştırmalık programları içeren kapsamlı bir wellness programı başlatmalı. Bu düzeyde hareketsizlik önemli katılım engellerine işaret ettiğinden, büyük yaşam tarzı değişiklikleri yerine küçük, erişilebilir değişikliklere odaklanın.","9","activity_level; nutrition; lifestyle","no_exercise; very_poor_nutrition; poor_nutrition","","0","0.0","A.activity_level=no_exercise; A.fruit_veg_intake=very_poor_nutrition; A.fruit_veg_intake=poor_nutrition","1457"
"company/Company_40_report_insights.json","insight_03","3","Among surveyed employees, smoking prevalence is alarmingly high at 47% (14 active smokers), with 23% smoking daily. This is roughly double the typical workplace smoking rates in developed countries. When combined with complete physical inactivity, smoking creates compound cardiovascular risks that will accelerate chronic disease development even in currently healthy employees. Implement aggressive smoking cessation programs with free nicotine replacement therapy, group support sessions, and financial incentives for quitting. Target the 7 daily smokers with personalized coaching, as they face the highest immediate health risks. Partner cessation efforts with physical activity programs to address both risk factors simultaneously and prevent weight gain concerns that often deter quitting attempts.","Smoking status: never_smoked 50.0% (n=15), daily_smoker 23.3% (n=7), frequent_smoker 13.3% (n=4), occasional_smoker 10.0% (n=3), former_smoker 3.3% (n=1). Total active smokers: 46.6% (n=14). Physical inactivity among population: no_exercise 63.3% (n=19). Compound risk: high proportion of smokers likely overlap with sedentary group, creating elevated cardiovascular risk profile.","Ankete katılan çalışanlar arasında sigara kullanımı %47 gibi yüksek bir orana sahip (n=14 aktif içici), bunların %23'ü günlük sigara içiyor (n=7). Bu oran, gelişmiş ülkelerdeki tipik işyeri sigara kullanım oranlarının yaklaşık iki katıdır. Tam hareketsizlikle birleştiğinde, sigara içimi kardiyovasküler riskleri katlanarak artırıyor ve şu anda sağlıklı olan çalışanlarda bile kronik hastalık gelişimini hızlandıracak. Şirketler ücretsiz nikotin replasman tedavisi, grup destek seansları ve sigarayı bırakma için finansal teşvikler içeren agresif sigarayı bırakma programları uygulamalı. En yüksek acil sağlık riskine sahip 7 günlük içiciyi kişiselleştirilmiş koçlukla hedefleyin. Sigarayı bırakma çabalarını fiziksel aktivite programlarıyla birleştirerek her iki risk faktörünü aynı anda ele alın ve kilo alma endişelerini önleyin.","8","lifestyle; physical_health","daily_smoker; frequent_smoker; occasional_smoker; no_exercise","","0","0.0","A.smoking_status=daily_smoker; A.smoking_status=frequent_smoker; A.smoking_status=occasional_smoker; A.activity_level=no_exercise","1457"
"company/Company_40_report_insights.json","insight_04","4","A loneliness epidemic affects 70% of surveyed employees, with 17% reporting they always feel lonely and only 3% never feeling lonely. This social isolation correlates strongly with the widespread mental health crisis (93% showing depressive symptoms) and creates significant retention risk, as lonely employees are more likely to disengage and leave. Social connection is a fundamental human need that workplace culture can either fulfill or worsen. Create structured social connection opportunities including team-building activities, peer support groups, mentorship programs, and collaborative work projects. Consider hybrid work policies that balance flexibility with in-person collaboration time. Address the root causes by surveying employees about isolation factors - remote work without social touchpoints, lack of team cohesion, or limited cross-functional interaction may all contribute to this pervasive loneliness.","Loneliness distribution: always_lonely 16.7% (n=5), often_lonely 26.7% (n=8), sometimes_lonely 26.7% (n=8), rarely_lonely 26.7% (n=8), never_lonely 3.3% (n=1). Combined frequently lonely (sometimes to always): 70.0% (n=21). Correlation with mental health: 93.3% show anhedonia symptoms, 86.7% experience sadness, 93.3% report irritability, suggesting loneliness contributes to broader psychological distress.","Ankete katılan çalışanların %70'i bazen ila her zaman yalnızlık hissediyor (n=21), bunların %17'si her zaman yalnız hissettiklerini bildiriyor (n=5). Sadece %3 hiç yalnızlık hissetmiyor (n=1). Bu sosyal izolasyon, yaygın ruh sağlığı kriziyle (depresyon belirtisi gösteren %93) güçlü bir korelasyon gösteriyor ve önemli bir işten ayrılma riski yaratıyor. Yalnız çalışanlar işten kopma ve ayrılma olasılığı daha yüksek. Şirketler takım oluşturma aktiviteleri, akran destek grupları, mentorluk programları ve işbirlikçi çalışma projeleri gibi yapılandırılmış sosyal bağlantı fırsatları oluşturmalı. Esneklik ile yüz yüze işbirliği süresini dengeleyen hibrit çalışma politikalarını değerlendirin. Kök nedenleri ele almak için çalışanlara izolasyon faktörleri hakkında anket yapın - sosyal temas noktaları olmayan uzaktan çalışma, takım uyumu eksikliği veya sınırlı çapraz fonksiyonel etkileşim bu yaygın yalnızlığa katkıda bulunabilir.","8","mental_health","always_lonely; often_lonely; sometimes_lonely; rarely_lonely; never_lonely","","0","0.0","A.loneliness=always_lonely; A.loneliness=often_lonely; A.loneliness=sometimes_lonely; A.loneliness=rarely_lonely; A.loneliness=never_lonely","1457"
"company/Company_40_report_insights.json","insight_05","5","All 4 employees (100%) classified as high-risk share one common factor: complete absence of exercise. Additionally, 75% of high-risk employees smoke (50% daily, 25% frequently), demonstrating that physical inactivity combined with smoking creates the most dangerous risk profile in this workforce. Interestingly, 75% of high-risk employees maintain optimal sleep, suggesting sleep alone cannot compensate for sedentary lifestyle and smoking. Prioritize intensive intervention for the 4 high-risk employees with personalized health coaching focusing on initiating any physical activity - even 10-minute daily walks. Use their optimal sleep habits as a foundation to build other healthy behaviors. For the broader workforce, use this finding to communicate that exercise is non-negotiable for health risk reduction, and that other healthy behaviors cannot substitute for regular physical activity.","High-risk group analysis (n=4, 13.3% of population): Activity level: no_exercise 100% (n=4). Smoking: daily_smoker 50% (n=2), frequent_smoker 25% (n=1), total smokers 75% (n=3). Sleep quality: optimal_sleep 75% (n=3), insufficient_sleep 25% (n=1). BMI distribution in high-risk: obese 50% (n=2, risk ratio 3.75x), underweight 25% (n=1, risk ratio 7.50x), overweight 25% (n=1).","Yüksek risk grubundaki 4 çalışanın tamamı (%100) ortak bir faktörü paylaşıyor: egzersiz yapmamaları (n=4). Ek olarak, yüksek riskli çalışanların %75'i sigara içiyor (%50 günlük, %25 sık sık), bu da hareketsizlik ve sigaranın birleşiminin bu işgücündeki en tehlikeli risk profilini oluşturduğunu gösteriyor (n=3 içici). İlginç bir şekilde, yüksek riskli çalışanların %75'i optimal uyku kalitesine sahip (n=3), bu da uykun tek başına hareketsiz yaşam tarzı ve sigara içimini telafi edemeyeceğini gösteriyor. Şirketler 4 yüksek riskli çalışana günde 10 dakikalık yürüyüşler gibi herhangi bir fiziksel aktivite başlatmaya odaklanan kişiselleştirilmiş sağlık koçluğu ile yoğun müdahale önceliklendirmeli. Optimal uyku alışkanlıklarını diğer sağlıklı davranışları oluşturmak için bir temel olarak kullanın. Daha geniş işgücü için, egzersizin sağlık riski azaltımı için vazgeçilmez olduğunu ve diğer sağlıklı davranışların düzenli fiziksel aktivitenin yerini alamayacağını iletmek için bu bulguyu kullanın.","9","activity_level; lifestyle; sleep","no_exercise; daily_smoker; frequent_smoker; optimal_sleep","","0","0.0","A.activity_level=no_exercise; A.smoking_status=daily_smoker; A.smoking_status=frequent_smoker; A.sleep_quality=optimal_sleep","1457"
"company/Company_40_report_insights.json","insight_06","6","Despite 50% of surveyed employees maintaining normal weight and extremely low chronic disease rates (zero diabetes, zero kidney disease, zero cancer), 93% are classified as moderate to high risk. This paradox reveals that metabolic health markers are lagging indicators - by the time disease appears, damage is extensive. Current behavioral patterns (63% no exercise, 93% poor nutrition, 47% smoking) are building toward a chronic disease epidemic that hasn't manifested yet. Reframe wellness messaging from ""disease prevention"" to ""building health capacity"" to resonate with this currently healthy but behaviorally at-risk population. Young, healthy employees often feel invincible and ignore prevention messages. Instead, emphasize immediate benefits: better energy, improved mood, enhanced productivity. Use this window of opportunity before chronic diseases emerge to establish sustainable healthy habits when behavior change is still relatively easy.","BMI distribution: normal_weight 50.0% (n=15), overweight 33.3% (n=10), obese 13.3% (n=4), underweight 3.3% (n=1). Chronic disease prevalence: no_diabetes 100% (n=30), no_kidney_disease 100% (n=30), no_cancer 100% (n=30), no_heart_disease 96.7% (n=29), no_hypertension 96.7% (n=29). Risk classification: moderate_risk 80.0% (n=24), high_risk 13.3% (n=4), low_risk 6.7% (n=2). Behavioral risks: no_exercise 63.3%, poor nutrition 93.4%, active smoking 46.6%.","Ankete katılan çalışanların %50'si normal kiloya sahip (n=15) ve kronik hastalık oranları son derece düşük (sıfır diyabet, sıfır böbrek hastalığı, sıfır kanser) olmasına rağmen, %93'ü orta ila yüksek risk olarak sınıflandırılıyor (n=28). Bu paradoks, metabolik sağlık göstergelerinin gecikmeli göstergeler olduğunu ortaya koyuyor - hastalık ortaya çıktığında hasar kapsamlıdır. Mevcut davranış kalıpları (%63 egzersiz yok, %93 kötü beslenme, %47 sigara) henüz kendini göstermeyen bir kronik hastalık epidemisi oluşturuyor. Şu anda sağlıklı ancak davranışsal olarak risk altındaki bu popülasyona hitap etmek için wellness mesajlaşmasını ""hastalık önleme""den ""sağlık kapasitesi oluşturma""ya yeniden çerçeveleyin. Genç, sağlıklı çalışanlar genellikle kendilerini yenilmez hisseder ve önleme mesajlarını göz ardı eder. Bunun yerine, anlık faydaları vurgulayın: daha iyi enerji, geliştirilmiş ruh hali, artan üretkenlik. Kronik hastalıklar ortaya çıkmadan önce bu fırsat penceresini kullanarak davranış değişiminin hala nispeten kolay olduğu dönemde sürdürülebilir sağlıklı alışkanlıklar oluşturun.","8","health_conditions; activity_level; nutrition; lifestyle","no_diabetes; no_kidney_disease; no_cancer; normal_weight; no_exercise; very_poor_nutrition; poor_nutrition","normal_weight","0","0.0","diabetes_status=no_diabetes; kidney_disease_status=no_kidney_disease; cancer_status=no_cancer; bmi_category=normal_weight; A.activity_level=no_exercise; A.fruit_veg_intake=very_poor_nutrition; A.fruit_veg_intake=poor_nutrition; bmi_category=normal_weight","1457"
"company/Company_40_report_insights.json","insight_07","7","Stress-related symptoms show alarming clustering: 93% report frequent irritability and 90% feel loss of control, creating a volatile emotional state that impacts both individual wellbeing and team dynamics. Only 1 employee (3%) reports being rarely irritated and none report never being irritated, indicating this is a systemic workplace culture issue rather than individual stress management problems. This emotional volatility combined with the 70% loneliness rate creates a toxic cycle where stressed employees withdraw socially, increasing isolation and worsening stress. Conduct an organizational stress audit to identify systemic workplace stressors - unrealistic deadlines, unclear expectations, inadequate resources, or poor communication - rather than placing the burden on individual resilience. Provide manager training on creating psychologically safe team environments where employees feel supported. Consider workload redistribution and process improvements to address the root causes of the pervasive control loss and irritability affecting over 90% of surveyed staff.","Irritability distribution: frequently_irritated 26.7% (n=8), often_irritated 20.0% (n=6), sometimes_irritated 46.7% (n=14), rarely_irritated 3.3% (n=1), never_irritated 3.3% (n=1). Total frequently irritated (sometimes to frequently): 93.3% (n=28). Loss of control: frequently_out_of_control 20.0% (n=6), often_out_of_control 33.3% (n=10), sometimes_out_of_control 36.7% (n=11), mostly_in_control 10.0% (n=3). Total experiencing control loss: 90.0% (n=27). Loneliness correlation: 70% feel lonely sometimes to always (n=21).","Stresle ilgili belirtiler endişe verici bir kümelenme gösteriyor: Ankete katılanların %93'ü sık sık sinirlilik bildiriyor (n=28) ve %90'ı kontrol kaybı hissediyor (n=27), bu da hem bireysel refah hem de takım dinamiklerini etkileyen değişken bir duygusal durum yaratıyor. Sadece 1 çalışan (%3) nadiren sinirli olduğunu bildiriyor ve hiçbiri asla sinirli olmadığını bildirmiyor, bu da bunun bireysel stres yönetimi sorunlarından ziyade sistemik bir işyeri kültürü sorunu olduğunu gösteriyor. Bu duygusal dalgalanma, %70 yalnızlık oranıyla birleştiğinde, stresli çalışanların sosyal olarak geri çekildiği, izolasyonun arttığı ve stresin kötüleştiği toksik bir döngü yaratıyor. Bireysel dayanıklılığa yük bindirmek yerine, gerçekçi olmayan son tarihler, belirsiz beklentiler, yetersiz kaynaklar veya zayıf iletişim gibi sistemik işyeri stres faktörlerini belirlemek için organizasyonel bir stres denetimi yapın. Yöneticilere çalışanların desteklendiğini hissettiği psikolojik olarak güvenli takım ortamları oluşturma konusunda eğitim verin. Ankete katılan personelin %90'ından fazlasını etkileyen yaygın kontrol kaybı ve sinirlilik kök nedenlerini ele almak için iş yükü yeniden dağıtımı ve süreç iyileştirmeleri düşünün.","9","mental_health","frequently_irritated; often_irritated; sometimes_irritated; rarely_irritated; frequently_out_of_control; often_out_of_control; sometimes_out_of_control","","0","0.0","A.stress_level_irritability=frequently_irritated; A.stress_level_irritability=often_irritated; A.stress_level_irritability=sometimes_irritated; A.stress_level_irritability=rarely_irritated; A.stress_level_loc=frequently_out_of_control; A.stress_level_loc=often_out_of_control; A.stress_level_loc=sometimes_out_of_control","1457"
"company/Company_40_report_insights.json","insight_08","8","Water intake shows surprising variation with 63% of surveyed employees maintaining good to high hydration levels despite poor nutrition and exercise habits. This suggests hydration may be one of the easiest health behaviors to adopt and maintain, making it a valuable ""gateway habit"" for broader wellness engagement. The 37% with inadequate hydration represent a clear opportunity for a simple, achievable intervention that could build confidence for more complex behavior changes. Launch a hydration challenge as an entry point to wellness engagement, capitalizing on the fact that most employees are already successfully maintaining good hydration. Provide reusable water bottles, hydration tracking apps, and visible water stations to support the 11 employees with low to very low intake. Use hydration success to build momentum toward more challenging interventions like nutrition improvement and physical activity initiation. This ""small wins"" approach is particularly important given the overwhelming number of health risks requiring attention.","Water intake distribution: high_water 36.7% (n=11), good_water 26.7% (n=8), adequate_water 13.3% (n=4), low_water 16.7% (n=5), very_low_water 6.7% (n=2). Combined good to high hydration: 63.4% (n=19). Inadequate hydration (adequate or below): 36.7% (n=11). Contrast with other health behaviors: no_exercise 63.3%, poor nutrition 93.4%, active smoking 46.6%, showing hydration as relative success area.","Su tüketimi, kötü beslenme ve egzersiz alışkanlıklarına rağmen ankete katılan çalışanların %63'ünün iyi ila yüksek hidrasyon seviyelerini koruduğunu gösteren şaşırtıcı bir varyasyon gösteriyor (n=19). Bu, hidrasyonun benimsenmesi ve sürdürülmesi en kolay sağlık davranışlarından biri olabileceğini ve daha geniş wellness katılımı için değerli bir ""geçit alışkanlığı"" haline gelebileceğini gösteriyor. Yetersiz hidrasyona sahip %37'lik grup (n=11), daha karmaşık davranış değişiklikleri için güven oluşturabilecek basit, ulaşılabilir bir müdahale için net bir fırsat temsil ediyor. Çoğu çalışanın zaten başarılı bir şekilde iyi hidrasyon sürdürdüğü gerçeğinden yararlanarak wellness katılımı için bir giriş noktası olarak bir hidrasyon yarışması başlatın. Düşük ila çok düşük tüketimi olan 11 çalışanı desteklemek için yeniden kullanılabilir su şişeleri, hidrasyon takip uygulamaları ve görünür su istasyonları sağlayın. Beslenme iyileştirmesi ve fiziksel aktivite başlatma gibi daha zorlayıcı müdahalelere doğru momentum oluşturmak için hidrasyon başarısını kullanın. Bu ""küçük kazançlar"" yaklaşımı, dikkat gerektiren ezici sayıda sağlık riski göz önüne alındığında özellikle önemlidir.","7","nutrition; lifestyle","high_water; good_water; adequate_water; low_water; very_low_water","","0","0.0","A.water_intake=high_water; A.water_intake=good_water; A.water_intake=adequate_water; A.water_intake=low_water; A.water_intake=very_low_water","1457"
"company/Company_40_report_insights.json","insight_09","9","Sleep quality shows relatively balanced distribution with 80% achieving borderline to optimal sleep (43% borderline, 37% optimal) despite the overwhelming stress and mental health challenges. This unexpected resilience suggests either strong sleep prioritization or that sleep disruption may be a lagging indicator of psychological distress that hasn't manifested yet. However, 17% experiencing insufficient sleep combined with high stress and depression symptoms face compounded health risks. Protect and promote good sleep as a critical resilience factor in this high-stress workforce. Implement sleep hygiene education, flexible start times to accommodate different chronotypes, and strict after-hours communication policies to prevent work intrusion into sleep time. For the 5 employees with insufficient sleep, provide intensive sleep coaching as their combination of poor sleep, high stress, and depression symptoms creates elevated risk for accidents, burnout, and chronic disease development.","Sleep quality distribution: borderline_sleep 43.3% (n=13), optimal_sleep 36.7% (n=11), insufficient_sleep 16.7% (n=5), long_sleep 3.3% (n=1). Combined adequate sleep (borderline to optimal): 80.0% (n=24). Mental health context: 93.3% show anhedonia, 90% report control loss, 93.3% frequently irritated, 70% feel lonely. Sleep quality maintained despite psychological distress suggests protective factor or lagging indicator.","Uyku kalitesi, ezici stres ve ruh sağlığı zorluklarına rağmen %80'inin sınırda ila optimal uyku elde ettiği (n=24: %43 sınırda n=13, %37 optimal n=11) nispeten dengeli bir dağılım gösteriyor. Bu beklenmedik dayanıklılık, ya güçlü uyku önceliklendirmesini ya da uyku bozukluğunun henüz kendini göstermeyen psikolojik sıkıntının gecikmeli bir göstergesi olabileceğini gösteriyor. Ancak, yetersiz uyku yaşayan %17'lik grup (n=5), yüksek stres ve depresyon belirtileriyle birleştiğinde birleşik sağlık riskleriyle karşı karşıya. Bu yüksek stresli işgücünde kritik bir dayanıklılık faktörü olarak iyi uykuyu koruyun ve teşvik edin. Uyku hijyeni eğitimi, farklı kronotiplere uyum sağlamak için esnek başlangıç saatleri ve mesai sonrası iletişim politikalarını uygulayın. Yetersiz uykusu olan 5 çalışan için, kötü uyku, yüksek stres ve depresyon belirtilerinin kombinasyonu kazalar, tükenmişlik ve kronik hastalık gelişimi için yüksek risk yarattığından yoğun uyku koçluğu sağlayın.","7","sleep; mental_health","optimal_sleep; borderline_sleep; insufficient_sleep","","0","0.0","A.sleep_quality=optimal_sleep; A.sleep_quality=borderline_sleep; A.sleep_quality=insufficient_sleep","1457"
"company/Company_40_report_insights.json","insight_10","10","Among surveyed employees, 47% take supplements despite 93% having poor nutrition, revealing a misguided strategy of supplementing deficient diets rather than improving food quality. This ""pill solution"" approach is common but ineffective - supplements cannot replicate the complex nutritional benefits of whole fruits and vegetables, and may create false sense of security that delays real dietary improvements. The 53% not using supplements are at least not masking their nutritional deficits. Redirect wellness spending and messaging away from supplement promotion toward practical nutrition solutions: subsidized healthy meal delivery or cafeteria options, nutrition education focusing on simple swaps (adding one fruit/vegetable per meal), and cooking classes for quick healthy meals. For the 14 supplement users, conduct nutritional assessment to determine if supplementation is medically necessary or simply compensating for poor food choices, and provide education about the superior benefits of whole food nutrition.","Supplement usage: using_supplements 46.7% (n=14), not_using_supplements 53.3% (n=16). Nutrition status: very_poor_nutrition 46.7% (n=14), poor_nutrition 46.7% (n=14), adequate_nutrition 3.3% (n=1), good_nutrition 3.3% (n=1). Combined poor nutrition: 93.4% (n=28). Disconnect: nearly half use supplements while over 90% have fundamentally poor diets, suggesting supplements used as substitute rather than complement to healthy eating.","Ankete katılan çalışanların %47'si takviye kullanıyor (n=14), ancak %93'ü kötü beslenmeye sahip (n=28), bu da gıda kalitesini iyileştirmek yerine yetersiz diyetleri takviye etme yanlış stratejisini ortaya koyuyor. Bu ""hap çözümü"" yaklaşımı yaygın ancak etkisiz - takviyeler tam meyve ve sebzelerin karmaşık besinsel faydalarını tekrarlayamaz ve gerçek diyet iyileştirmelerini geciktiren yanlış bir güvenlik duygusu yaratabilir. Takviye kullanmayan %53'lük grup en azından beslenme eksikliklerini maskelemiyor (n=16). Wellness harcamalarını ve mesajlaşmayı takviye tanıtımından pratik beslenme çözümlerine yönlendirin: sübvansiyonlu sağlıklı yemek teslimatı veya kafeterya seçenekleri, basit değişimlere odaklanan beslenme eğitimi (öğün başına bir meyve/sebze ekleme) ve hızlı sağlıklı yemekler için yemek pişirme kursları. 14 takviye kullanıcısı için, takviyenin tıbbi olarak gerekli olup olmadığını veya sadece kötü gıda seçimlerini telafi edip etmediğini belirlemek için beslenme değerlendirmesi yapın ve tam gıda beslenmesinin üstün faydaları hakkında eğitim sağlayın.","6","nutrition; health_conditions","using_supplements; not_using_supplements; very_poor_nutrition; poor_nutrition","","0","0.0","A.supplement_usage=using_supplements; A.supplement_usage=not_using_supplements; A.fruit_veg_intake=very_poor_nutrition; A.fruit_veg_intake=poor_nutrition","1457"
"company/Company_40_report_insights.json","insight_11","11","Processed food consumption shows protective behavior with 70% maintaining minimal to low intake, suggesting this workforce is more conscious about processed food avoidance than fresh produce consumption. However, the remaining 30% consuming moderate to daily processed foods combined with 93% poor fruit/vegetable intake creates a ""nutrition void"" - neither eating adequate healthy foods nor completely avoiding unhealthy options. This half-hearted approach achieves neither strategy's benefits. Reframe nutrition messaging to emphasize ""crowding out"" bad foods with good ones rather than pure restriction. Help employees understand that adding fruits and vegetables naturally reduces processed food consumption by increasing satiety and satisfaction. For the 9 employees with high processed food intake, provide meal planning support showing how quick, minimally processed meals (grilled chicken and vegetables, simple salads) can be faster than heavily processed convenience foods once habits are established.","Processed food intake: minimal_processed_food 36.7% (n=11), low_processed_food 33.3% (n=10), moderate_processed_food_weekly 16.7% (n=5), frequent_processed_food_weekly 10.0% (n=3), daily_processed_food_weekly 3.3% (n=1). Combined minimal to low: 70.0% (n=21). Combined moderate to daily: 30.0% (n=9). Contrast with fruit/vegetable intake: very_poor 46.7%, poor 46.7%, adequate 3.3%, good 3.3%, showing avoidance of processed foods without adequate replacement with healthy options.","İşlenmiş gıda tüketimi, ankete katılan çalışanların %70'inin minimal ila düşük tüketim sürdürdüğünü gösteren koruyucu davranış gösteriyor (n=21), bu da bu işgücünün taze ürün tüketiminden daha çok işlenmiş gıda kaçınma konusunda daha bilinçli olduğunu gösteriyor. Ancak, orta ila günlük işlenmiş gıda tüketen kalan %30'luk grup (n=9), %93 kötü meyve/sebze tüketimiyle birleştiğinde bir ""beslenme boşluğu"" yaratıyor - ne yeterli sağlıklı gıda yiyor ne de sağlıksız seçeneklerden tamamen kaçınıyor. Bu yarım yamalak yaklaşım hiçbir stratejinin faydalarını elde edemiyor. Beslenme mesajlaşmasını saf kısıtlama yerine ""kötü gıdaları iyilerle dışarı itme"" vurgusu yapmak için yeniden çerçeveleyin. Çalışanların meyve ve sebze eklemenin tokluk ve memnuniyeti artırarak işlenmiş gıda tüketimini doğal olarak azalttığını anlamalarına yardımcı olun. Yüksek işlenmiş gıda tüketimine sahip 9 çalışan için, alışkanlıklar oluşturulduktan sonra hızlı, minimal işlenmiş yemeklerin (ızgara tavuk ve sebzeler, basit salatalar) ağır işlenmiş kolaylık gıdalarından daha hızlı olabileceğini gösteren öğün planlama desteği sağlayın.","7","nutrition","minimal_processed_food; low_processed_food; moderate_processed_food_weekly; frequent_processed_food_weekly; daily_processed_food_weekly","","0","0.0","A.processed_food_intake=minimal_processed_food; A.processed_food_intake=low_processed_food; A.processed_food_intake=moderate_processed_food_weekly; A.processed_food_intake=frequent_processed_food_weekly; A.processed_food_intake=daily_processed_food_weekly","1457"
"company/Company_40_report_insights.json","insight_12","12","Physical pain affects 73% of surveyed employees (minimal to severe pain), with only 27% reporting no pain at all. This widespread discomfort likely contributes to the 63% physical inactivity rate, creating a vicious cycle where sedentary behavior worsens pain, which further discourages movement. The 9 employees with minimal pain and 7 with mild pain represent opportunities for intervention before pain becomes chronic and debilitating. Implement workplace ergonomics assessments and provide adjustable workstations, ergonomic accessories, and regular movement breaks to address the pain epidemic affecting nearly three-quarters of surveyed staff. Partner with physical therapists to offer pain management workshops teaching stretching, strengthening, and posture correction. For the 30% with minimal to no pain, promote movement to prevent pain development. For the 43% already experiencing pain, provide targeted interventions to break the pain-inactivity cycle before it becomes entrenched.","Physical pain distribution: no_pain 26.7% (n=8), minimal_pain 30.0% (n=9), mild_pain 23.3% (n=7), moderate_pain 16.7% (n=5), severe_pain 3.3% (n=1). Combined experiencing pain (minimal to severe): 73.3% (n=22). Activity correlation: no_exercise 63.3% (n=19), suggesting pain-inactivity cycle. Pain progression opportunity: 16 employees with minimal to mild pain (53.3%) represent early intervention window before chronic pain develops.","Fiziksel ağrı, ankete katılan çalışanların %73'ünü etkiliyor (minimal ila şiddetli ağrı, n=22), sadece %27'si hiç ağrı bildirmiyor (n=8). Bu yaygın rahatsızlık muhtemelen %63 fiziksel hareketsizlik oranına katkıda bulunuyor ve hareketsiz davranışın ağrıyı kötüleştirdiği, bunun da hareketi daha da caydırdığı kısır bir döngü yaratıyor. Minimal ağrısı olan 9 çalışan ve hafif ağrısı olan 7 çalışan, ağrı kronik ve zayıflatıcı hale gelmeden önce müdahale fırsatları sunuyor. Ankete katılan personelin neredeyse dörtte üçünü etkileyen ağrı salgınını ele almak için işyeri ergonomi değerlendirmeleri uygulayın ve ayarlanabilir çalışma istasyonları, ergonomik aksesuarlar ve düzenli hareket molaları sağlayın. Germe, güçlendirme ve duruş düzeltme öğreten ağrı yönetimi atölyeleri sunmak için fizik tedavi uzmanlarıyla ortaklık yapın. Minimal ila hiç ağrısı olmayan %30'luk grup için, ağrı gelişimini önlemek için hareketi teşvik edin (n=9 minimal + n=8 hiç = n=17). Zaten ağrı yaşayan %43'lük grup için, ağrı-hareketsizlik döngüsünü yerleşmeden önce kırmak için hedefli müdahaleler sağlayın (n=13).","8","physical_health; activity_level","no_pain; minimal_pain; mild_pain; moderate_pain; severe_pain; no_exercise","","0","0.0","A.physical_pain=no_pain; A.physical_pain=minimal_pain; A.physical_pain=mild_pain; A.physical_pain=moderate_pain; A.physical_pain=severe_pain; A.activity_level=no_exercise","1457"
"company/Company_40_report_insights.json","insight_13","13","This 30-employee survey reveals critical participation bias - these are employees who chose to engage with health tracking, yet 93% show elevated health risks with overwhelming mental health challenges. If health-engaged employees face this level of distress, non-participating employees likely face even greater health challenges combined with lower health literacy and engagement. The true workforce health crisis may be significantly worse than this data suggests. Conduct outreach to understand why employees don't participate in health surveys and remove barriers - survey length, privacy concerns, language barriers, lack of time, or skepticism about company use of data. Design inclusive wellness programs that meet employees where they are rather than requiring high engagement thresholds. Consider that non-participants may need different intervention approaches - anonymous resources, passive benefits like ergonomic equipment, or peer-led rather than company-sponsored programs to build trust.","Survey participation: 30 employees completed health assessment. Risk distribution among participants: moderate_risk 80.0% (n=24), high_risk 13.3% (n=4), low_risk 6.7% (n=2). Combined elevated risk: 93.3% (n=28). Mental health crisis among health-engaged employees: 93.3% show anhedonia (n=28), 86.7% experience sadness (n=26), 93.3% frequently irritated (n=28), 90% feel control loss (n=27), 70% feel lonely (n=21). Participation bias implication: employees who voluntarily track health already show overwhelming distress, suggesting non-participants may face compounded challenges of poor health plus low engagement.","Bu 30 çalışanlık anket, kritik katılım yanlılığını ortaya koyuyor - bunlar sağlık takibine katılmayı seçen çalışanlar, ancak %93'ü ezici ruh sağlığı zorlukları ile yüksek sağlık riski gösteriyor (n=28). Sağlığa dahil olan çalışanlar bu düzeyde sıkıntıyla karşı karşıysa, katılmayan çalışanlar muhtemelen daha düşük sağlık okuryazarlığı ve katılımla birleşen daha büyük sağlık zorluklarıyla karşı karşıyadır. Gerçek işgücü sağlık krizi bu verilerin önerdiğinden önemli ölçüde daha kötü olabilir. Çalışanların neden sağlık anketlerine katılmadığını anlamak için sosyal yardım yapın ve engelleri kaldırın - anket uzunluğu, gizlilik endişeleri, dil engelleri, zaman eksikliği veya şirketin veri kullanımına dair şüphecilik. Yüksek katılım eşikleri gerektirmek yerine çalışanların bulunduğu yerde onlarla buluşan kapsayıcı wellness programları tasarlayın. Katılmayanların farklı müdahale yaklaşımlarına ihtiyaç duyabileceğini düşünün - anonim kaynaklar, ergonomik ekipman gibi pasif faydalar veya güven oluşturmak için şirket sponsorlu yerine akran liderliğindeki programlar.","8","mental_health; lifestyle","","","1457","100.0","","1457"
